Protein Residue,Total Interactions,Ligand Count,Total Residency Time
HIE-324,230,230,36817
LYS-283,225,225,31148
PRO-322,224,224,24481
SER-323,221,221,15626
LYS-276,217,217,20942
HID-132,216,216,26363
ASN-270,215,215,27085
GLU-50,214,214,33308
ASN-281,213,213,22503
PRO-321,211,211,31826
LYS-41,207,207,24711
GLU-274,206,206,24450
ARG-263,204,204,19062
LYS-48,203,203,18036
LYS-38,202,202,15595
THR-35,201,201,22301
LYS-113,201,201,15557
PRO-135,200,200,29261
ASP-45,199,199,30161
ALA-316,198,198,25429
ARG-315,197,197,20404
THR-51,197,197,8544
GLU-280,195,195,21000
GLU-131,193,193,22163
LYS-88,193,193,9720
GLY-318,191,191,23748
VAL-37,190,190,27328
THR-273,190,190,18596
LYS-260,188,188,31051
GLU-212,188,188,20703
LYS-57,188,188,14913
GLN-133,187,187,36091
LYS-317,186,186,29586
PRO-47,185,185,39857
GLU-268,185,185,21395
PRO-267,183,183,20433
GLU-86,182,182,21959
LYS-290,178,178,15629
TRP-56,178,178,20236
LYS-300,176,176,20385
LYS-241,176,176,9788
LEU-44,176,176,41268
ASP-279,175,175,25943
LEU-319,174,174,30305
GLU-264,174,174,25396
LEU-282,172,172,32726
ASN-211,171,171,15497
LEU-134,170,170,26172
THR-54,169,169,26854
ARG-116,169,169,26004
LYS-71,167,167,14645
THR-209,166,166,25372
LYS-174,166,166,22482
GLY-277,166,166,16760
LYS-152,166,166,9794
PRO-34,164,164,25113
LEU-320,164,164,22285
VAL-136,164,164,17960
LYS-96,164,164,25595
SER-196,163,163,16775
ALA-213,163,163,12663
GLU-298,162,162,31551
ASN-177,162,162,15965
LYS-171,161,161,30468
GLU-22,161,161,34999
ILE-202,161,161,24775
PRO-240,160,160,21163
LYS-151,160,160,17553
SER-195,160,160,13610
TYR-301,159,159,18885
VAL-278,158,158,20366
LEU-46,158,158,27691
GLU-63,157,157,27198
GLY-210,155,155,13580
HID-52,155,155,6533
GLU-68,154,154,21124
PRO-272,154,154,17382
LEU-55,154,154,34489
ASN-92,154,154,17996
GLU-175,154,154,15631
ASP-312,153,153,29697
LYS-265,153,153,17411
THR-114,152,152,9797
ARG-219,151,151,25710
LYS-107,151,151,20414
PHE-85,150,150,28069
PHE-275,150,150,17883
ARG-23,150,150,22474
GLU-1,147,147,11330
GLU-146,147,147,35098
ARG-19,147,147,25612
ASN-36,146,146,10485
THR-154,146,146,32794
ARG-149,144,144,21660
GLN-130,143,143,17169
CYS-286,143,143,18676
MET-197,141,141,21404
ASN-176,141,141,9260
SER-140,140,140,17051
SER-284,137,137,20346
VAL-285,137,137,20279
ASP-89,135,135,7290
ALA-111,134,134,12361
GLU-243,134,134,13455
GLU-304,133,133,31619
SER-302,133,133,21347
TYR-172,132,132,16077
ASP-62,131,131,22036
ASP-144,131,131,22195
GLU-100,130,130,32063
TRP-142,130,130,30059
SER-87,129,129,6175
ILE-178,128,128,14395
ARG-28,127,127,9245
GLY-296,127,127,9088
GLN-220,126,126,18199
ASP-305,126,126,14641
ASP-179,126,126,19964
SER-288,125,125,15747
ALA-49,125,125,15652
ILE-271,124,124,10667
ILE-193,123,123,31254
GLU-238,123,123,24426
PHE-147,123,123,23614
HID-214,123,123,16955
ASP-84,123,123,13858
TRP-156,122,122,8734
SER-216,121,121,20527
ASP-294,120,120,7316
LEU-256,120,120,18497
ALA-150,120,120,14242
GLU-91,119,119,21204
ALA-110,119,119,11412
TYR-215,119,119,16611
ASN-239,119,119,8426
MET-153,119,119,19542
HID-251,118,118,30061
GLY-24,118,118,8754
PRO-199,117,117,27198
MET-83,117,117,15916
LEU-53,116,116,12973
GLU-93,116,116,25488
LYS-39,115,115,19191
ASP-252,115,115,34355
GLN-167,115,115,23798
ARG-32,115,115,17716
LEU-295,114,114,3298
HID-42,114,114,7949
TYR-235,113,113,17523
THR-26,113,113,3392
ALA-61,112,112,23467
GLY-72,110,110,7467
ALA-155,110,110,24409
ASP-138,110,110,10154
ASP-33,109,109,9805
ILE-208,109,109,8461
TYR-266,109,109,6334
GLY-64,109,109,15186
CYS-141,108,108,11594
PHE-299,107,107,27958
MET-157,107,107,6024
ASP-257,106,106,35498
THR-74,106,106,4517
ARG-117,106,106,13380
ILE-217,105,105,30535
TYR-269,105,105,6020
MET-145,103,103,16291
THR-313,103,103,23945
LYS-291,103,103,3696
TRP-15,102,102,31759
TYR-137,102,102,6420
ASP-67,102,102,18323
LEU-164,102,102,20834
THR-293,101,101,18704
MET-18,101,101,27310
PRO-191,99,99,28707
GLY-309,99,99,14469
THR-308,98,98,8860
MET-194,97,97,6746
LEU-103,96,96,17063
TYR-25,96,96,9712
ALA-112,95,95,4529
PRO-90,95,95,2954
ILE-99,93,93,17239
ILE-254,92,92,19367
VAL-40,92,92,9030
VAL-115,91,91,7482
ASP-59,91,91,10986
THR-2,89,89,3258
SER-65,88,88,7464
ALA-168,87,87,11865
TRP-170,87,87,21795
PHE-297,87,87,9842
SER-250,85,85,18244
PHE-192,84,84,16032
MET-261,84,84,18349
ASP-227,83,83,4095
PRO-97,82,82,16246
ASN-231,82,82,14333
PHE-287,82,82,7030
THR-203,81,81,11155
LEU-303,78,78,17729
PHE-159,76,76,22523
GLY-104,76,76,9364
SER-108,75,75,8278
PRO-198,73,73,2396
LEU-21,73,73,9306
CYS-253,73,73,16676
HID-225,72,72,4322
ILE-95,72,72,10721
GLN-222,70,70,6389
SER-289,70,70,15305
PHE-237,69,69,6572
ASN-128,69,69,12096
SER-143,68,68,5023
PHE-180,68,68,2842
GLY-244,68,68,7816
TYR-158,67,67,13578
ILE-129,64,64,15144
ILE-234,63,63,7490
ALA-173,62,62,6081
SER-200,61,61,7174
GLU-139,61,61,4790
LEU-187,61,61,9353
PRO-207,60,60,5274
ALA-58,60,60,2076
LEU-43,60,60,2513
PRO-82,59,59,3327
ALA-242,59,59,1291
VAL-31,58,58,2248
SER-9,58,58,1622
CYS-109,58,58,3844
ARG-245,55,55,8017
VAL-94,53,53,1492
ILE-255,53,53,4110
LEU-205,52,52,1785
LEU-60,52,52,3930
SER-249,52,52,6493
PHE-66,51,51,2491
THR-163,49,49,1797
GLY-10,49,49,1222
PHE-11,49,49,1032
ALA-69,48,48,1490
CYS-314,48,48,637
MET-306,47,47,1381
GLY-101,47,47,2605
CYS-73,47,47,1279
SER-123,46,46,5649
GLY-125,46,46,5079
ILE-218,46,46,1889
ILE-70,45,45,1636
MET-106,44,44,654
SER-206,44,44,1408
THR-81,44,44,1654
LEU-118,43,43,2525
SER-14,43,43,745
VAL-160,42,42,5493
ALA-124,42,42,5669
VAL-311,41,41,390
LEU-20,41,41,1430
ASP-228,41,41,2067
VAL-27,41,41,1389
GLY-190,41,41,346
LEU-16,40,40,896
THR-30,40,40,1102
GLY-7,40,40,876
CYS-4,40,40,1136
VAL-17,40,40,1083
ALA-80,40,40,887
VAL-3,40,40,1429
VAL-76,40,40,935
PHE-77,40,40,944
THR-186,40,40,2290
GLY-75,40,40,692
VAL-79,40,40,768
ILE-105,40,40,1572
VAL-119,40,40,399
THR-98,40,40,679
ALA-29,40,40,846
THR-6,40,40,1170
VAL-5,40,40,1097
ILE-12,40,40,583
ALA-8,40,40,816
GLY-13,40,40,633
LEU-201,40,40,459
LYS-162,39,39,435
LEU-258,39,39,308
LEU-226,39,39,468
ILE-181,39,39,249
PHE-120,39,39,423
ALA-310,39,39,362
MET-102,39,39,645
HID-78,39,39,787
CYS-230,38,38,399
VAL-188,38,38,258
PRO-185,38,38,361
HID-233,38,38,420
VAL-189,38,38,234
TYR-246,37,37,276
LEU-229,37,37,276
SER-161,36,36,317
ALA-204,36,36,1285
LEU-262,36,36,140
GLY-221,35,35,2649
THR-121,34,34,342
ILE-183,34,34,238
VAL-224,33,33,140
PHE-307,33,33,189
PHE-223,33,33,1011
ALA-232,32,32,177
ALA-259,31,31,2002
LEU-236,31,31,214
GLU-166,30,30,279
ALA-165,30,30,333
SER-122,30,30,209
ILE-247,29,29,410
LEU-292,29,29,217
ILE-184,29,29,175
THR-182,28,28,198
CYS-248,26,26,109
VAL-127,26,26,179
THR-126,25,25,170
ALA-169,25,25,249
CYS-148,23,23,391
